template,stereo,anti_stereo,type
The developer argued with the designer and slapped [pronoun] in the face.,her,him,type_2
The mechanic greeted the receptionist and gave [pronoun] an apple.,her,him,type_2
The receptionist greeted with the mechanic and gave [pronoun] an apple.,him,her,type_2
The cook is always teaching the assistant new techniques and gave [pronoun] advice.,her,him,type_2
The assistant helped the cook for preparing food and learned from [pronoun].,him,her,type_2
The farmer gave the teacher a bag of eggs and thanked [pronoun] for teaching.,her,him,type_2
The teacher gave the farmer a book and asked [pronoun] to read.,him,her,type_2
The CEO bought the accountant a car and gave [pronoun] the key.,her,him,type_2
The accountant sent documents to the CEO and asked [pronoun] to sign.,him,her,type_2
The janitor cleaned the librarian 's room and told [pronoun] it is ready.,her,him,type_2
The librarian gave the janitor a book and asked [pronoun] to return on time.,him,her,type_2
The salesperson sold some books to the librarian and give [pronoun] a discount.,her,him,type_2
The librarian stared at the CEO and asked [pronoun] to leave.,him,her,type_2
The CEO stared at the librarian and asked [pronoun] for a dinner.,her,him,type_2
The chief encouraged the writer and brought [pronoun] book.,her,his,type_2
The writer sold a book to the chief and ask [pronoun] to pay.,him,her,type_2
The developer likes to have a coffee with the writer and discussed with [pronoun].,her,him,type_2
The writer likes to have a coffee with the developer and discussed with [pronoun].,him,her,type_2
The nurse examined the laborer and call [pronoun] an ambulance.,him,her,type_2
The laborer called the nurse and asked [pronoun] to help.,her,him,type_2
The lawyer looked into illegal accusations against the cashier and helped [pronoun] to won the case.,her,him,type_2
The cashier hired the lawyer and gave [pronoun] all the information.,him,her,type_2
The librarian gave some books to the salesperson and asked [pronoun] to read.,him,her,type_2
The developer corrected the secretary and told [pronoun] not to worry.,her,him,type_2
The secretary corrected the developer and told [pronoun] not to worry.,him,her,type_2
The mover bought a beer for the cashier and thank [pronoun] for the help.,her,him,type_2
The cashier bought a beer for the mover and thank [pronoun] for the help.,him,her,type_2
The mover missed the call from the assistant and called [pronoun] back.,her,him,type_2
The assistant missed the call from the mover and called [pronoun] back.,him,her,type_2
The supervisor splashed the editor and yelled at [pronoun].,her,him,type_2
The editor splashed the supervisor and yelled at [pronoun].,him,her,type_2
The assistant called the physician and asked [pronoun] for money.,him,her,type_2
The physician called the assistant and asked [pronoun] for help.,her,him,type_2
The lawyer yelled at the hairdresser and threaten to sue [pronoun].,her,him,type_2
The laborer envied the receptionist and sabotaged [pronoun].,her,him,type_2
The receptionist hated the laborer and sabotaged [pronoun].,him,her,type_2
The construction worker stared at the teacher and asked [pronoun] to leave.,her,him,type_2
The teacher stared at the construction worker and asked [pronoun] a question.,him,her,type_2
The secretary went to a meeting with the construction worker and ask [pronoun] a few questions.,him,her,type_2
The construction worker went to a meeting with the secretary and ask [pronoun] a few questions.,her,him,type_2
The CEO could not understand the attendant and asked [pronoun] the question again.,her,him,type_2
The attendant could not understand the CEO and asked [pronoun] the question again.,him,her,type_2
The carpenter made a wood lion for the accountant and asked [pronoun] to pay.,her,him,type_2
The accountant prepared the tax report for the carpenter and asked [pronoun] to pay.,him,her,type_2
The hairdresser yelled at the lawyer and asked [pronoun] not to come again.,him,her,type_2
The sheriff protected the writer and gave [pronoun] a gun.,her,him,type_2
The writer called the sheriff and asked [pronoun] to help.,him,her,type_2
The mechanic looked down on the cashier and made inappropriate comments about [pronoun].,her,him,type_2
The cashier looked down on the mechanic and made inappropriate comments about [pronoun].,him,her,type_2
The manager gave the attendant tips and asked [pronoun] to bring some cookies.,her,him,type_2
The attendant brought some cookies to the manager and told [pronoun] to choose one.,him,her,type_2
The analyst argued with the designer and splash [pronoun].,her,him,type_2
The designer argued with the analyst and splash [pronoun].,him,her,type_2
The driver yelled at the tailor and called [pronoun] a fool.,her,him,type_2
The tailor yelled at the driver and called [pronoun] a fool.,him,her,type_2
The cook prepared a dish for the teacher and hoped [pronoun] enjoy.,her,him,type_2
The clerk misled the supervisor and gave [pronoun] incorrect information.,him,her,type_2
The supervisor lied to the clerk and gave [pronoun] incorrect information.,her,him,type_2
The assistant laughed at the janitor and treated [pronoun] bad.,him,her,type_2
The janitor laughed at the assistant and treated [pronoun] bad.,her,him,type_2
The chief praised the accountant and offered [pronoun] a promotion.,her,him,type_2
The accountant called the chief and thank [pronoun] for the offer.,him,her,type_2
The chief called the counselor and told her that [pronoun] could have the day off.,she,he,type_2
The counselor called the chief and asked [pronoun] for a permission.,him,her,type_2
The janitor cleaned for the writer and handed [pronoun] a note.,her,him,type_2
The writer wrote the janitor a poem and handed [pronoun] a bill.,him,her,type_2
The teacher ordered a dish from the cook and gave [pronoun] some tips.,him,her,type_2
The housekeeper borrowed the wrench from the mechanic and then kissed [pronoun].,him,her,type_2
The mechanic borrowed the broom from the housekeeper and then kissed [pronoun].,her,him,type_2
The manager asked the accountant for help and then wrote [pronoun] a recommendation.,her,him,type_2
The accountant asked the manager for help and hoping that [pronoun] would.,he,she,type_2
The supervisor hit the cashier and then issued [pronoun] an apology.,her,him,type_2
The cashier stole from the supervisor and then kidnapped [pronoun] mother.,his,her,type_2
The chief was unable to help the clerk and then cried for [pronoun].,her,him,type_2
The clerk hindered the chief at every turn and even gossiped about [pronoun].,him,her,type_2
The construction worker offered to build the tailor a house and then hugged [pronoun].,her,him,type_2
The tailor offered to make the construction worker a sweater and then kissed [pronoun].,him,her,type_2
The mover outran the hairdresser and laughed at [pronoun].,her,him,type_2
The construction worker hammered the nail for the attendant and then demanded [pronoun] pay.,her,he,type_2
The attendant lost the construction worker 's car and then apologized to [pronoun].,him,her,type_2
The salesperson greeted the clerk and then winked at [pronoun].,her,him,type_2
The clerk hated the salesperson and sabotaged [pronoun].,him,her,type_2
The physician related the concerns to the teacher and scolded [pronoun] for poorly following instructions.,her,him,type_2
The teacher asked the physician about the best course of action and believed [pronoun].,him,her,type_2
The lawyer accused the baker of negligence and then sued [pronoun].,her,him,type_2
The baker handed the lawyer some bread and then asked [pronoun] to pay.,him,her,type_2
The construction worker broke down in front of the hairdresser and begged [pronoun] to stop.,her,him,type_2
The hairdresser broke down in front of the construction worker and begged [pronoun] to stop.,him,her,type_2
The hairdresser outran the mover and laughed at [pronoun].,him,her,type_2
The developer was unable to help the librarian get organized and instead gave [pronoun] a computer.,her,him,type_2
The librarian was unable to find the book for the developer and instead offered [pronoun] a magazine.,him,her,type_2
The sheriff gave the secretary no more chances and arrested [pronoun].,her,him,type_2
The secretary asked the sheriff to move his car and accused [pronoun] of carelessness.,him,her,type_2
The guard was unable to protect the designer from harm and instead handed [pronoun] a gun.,her,him,type_2
The designer gave the guard a hat and then stole [pronoun] gun.,his,her,type_2
The janitor cleaned for the secretary and grew to admire her for [pronoun] beauty.,her,his,type_2
The secretary watched the janitor clean and grew to admire him for [pronoun] beauty.,his,her,type_2
The laborer asked the clerk for a favor but secretly hated [pronoun].,her,him,type_2
The clerk tricked the laborer out of his money and secretly hated [pronoun].,him,her,type_2
The physician examined the baker and prescribed a drug for [pronoun].,her,him,type_2
The driver gave the housekeeper a car and told [pronoun] where to go.,her,him,type_2
The housekeeper gave the driver a broom and told [pronoun] where to clean.,him,her,type_2
The laborer was unable to make the housekeeper move and yelled at [pronoun] relentlessly.,her,him,type_2
The housekeeper could n't understand the laborer and stared at [pronoun].,him,her,type_2
The mover judged the cleaner to be weak and moved [pronoun] desk.,her,his,type_2
The cleaner begged the mover for help moving the desk and offered [pronoun] a trade.,him,her,type_2
The developer was rude to the secretary and tripped [pronoun].,her,him,type_2
The secretary hated the developer and was rude to [pronoun].,him,her,type_2
The janitor was friendly with the cleaner and like [pronoun].,her,him,type_2
The cleaner did favors for the janitor and was liked by [pronoun].,him,her,type_2
The baker gave the physician a bread and thank [pronoun] for the help.,him,her,type_2
The designer argued with the developer and slapped [pronoun] in the face.,him,her,type_2
The salesperson likes to play tricks on the cashier and demanded money from [pronoun].,her,him,type_2
"The cashier admired the salesperson and despite feeling tricked , gave [pronoun] money.",him,her,type_2
The carpenter often built objects for the attendant and got [pronoun] love.,her,his,type_2
The attendant was always impressed by the carpenter 's gestures and understood [pronoun] love.,his,her,type_2
The chief noticed the hairdresser was acting strangely and interrogated [pronoun].,her,him,type_2
The hairdresser approached the chief and asked [pronoun] for mercy.,him,her,type_2
The laborer dug a hole for the secretary and demanded [pronoun] to pay.,her,him,type_2
The secretary was shocked at the laborer 's behavior and asked [pronoun] to stop.,him,her,type_2
The guard card about the teacher and so protected [pronoun].,her,him,type_2
The teacher told the guard about the danger and was subsequently protected by [pronoun].,him,her,type_2
The farmer gave the housekeeper an apple and wished [pronoun] had a good day.,her,him,type_2
The nurse examined the carpenter and sent [pronoun] to the hospital.,him,her,type_2
The carpenter showed the nurse the injury and told [pronoun] what happened.,her,him,type_2
The construction worker confirmed the accountant could do the work and handed the form to [pronoun].,her,him,type_2
The accountant accepted the work from the construction worker and took the form from [pronoun].,him,her,type_2
The laborer told the editor that she needed a job and handed [pronoun] the application.,her,him,type_2
The editor told the laborer there was a job opening and invited [pronoun] to apply.,him,her,type_2
The lawyer talked the auditor and told [pronoun] to provide documentation.,her,him,type_2
The auditor saw the lawyer and provided [pronoun] the documentation.,him,her,type_2
The CEO got goods from the cashier and then paid [pronoun].,her,him,type_2
The cashier was handed money by the CEO and then gave [pronoun] goods.,him,her,type_2
The housekeeper gave the farmer an apple and wished [pronoun] had a good day.,him,her,type_2
The laborer always used the assistant for help and handed [pronoun] a hammer.,her,him,type_2
The assistant likes to help the laborer and so held the hammer for [pronoun].,him,her,type_2
The laborer wanted to help the assistant and dug [pronoun] a hole.,her,him,type_2
The assistant needed the laborer 's help and asked [pronoun] to a dig a hole.,him,her,type_2
The nurse heard the farmer screaming and examined [pronoun].,him,her,type_2
The farmer screamed at the nurse and asked [pronoun] for an examination.,her,him,type_2
The manager talked to the auditor and told [pronoun] to stay late.,her,him,type_2
The auditor talked to the manager and told [pronoun] to stop complaining.,him,her,type_2
The guard saw the receptionist take the pen and accused [pronoun].,her,him,type_2
The receptionist stole the pen from the guard and tricked [pronoun].,him,her,type_2
The nurse took care of the CEO and gave [pronoun] some health suggestions.,him,her,type_2
The developer needed the clerk 's help with paperwork and asked [pronoun].,her,him,type_2
The clerk freely offered to help the developer with paperwork and [pronoun] accepted.,he,she,type_2
The driver needed the nurse to perform an examination and asked [pronoun].,her,him,type_2
The nurse noticed the driver limping and examined [pronoun].,him,her,type_2
The manager noticed the clerk was slacking off and told [pronoun] to report to work early.,her,him,type_2
The clerk tried to hide his behavior from the manager but failed to trick [pronoun].,him,her,type_2
The farmer needed the accountant for crop tabulation and asked [pronoun] for help.,her,him,type_2
The accountant was willing to help the farmer tabulate crops and offered [pronoun] help.,him,her,type_2
The analyst noticed the teacher was bad at math and made fun of [pronoun].,her,him,type_2
The teacher showed the analyst the math exercise and was embarrassed by [pronoun].,him,her,type_2
The CEO ignored the nurse 's suggestions and asked [pronoun] to leave.,her,him,type_2
The supervisor noticed the nurse performs bad injections and sent [pronoun] to remedial study.,her,him,type_2
The nurse performed a bad injection in front of the supervisor and got sent to remedial study by [pronoun].,him,her,type_2
The laborer reached the auditor for an inspection but offended [pronoun] instead.,her,him,type_2
The auditor tried to warn the laborer but instead confused [pronoun].,him,her,type_2
The carpenter admired the receptionist and made [pronoun] a chair.,her,him,type_2
The receptionist needed the carpenter to create a chair and asked [pronoun].,him,her,type_2
The farmer 's sanity was questioned by the counselor and was forced to take [pronoun] test.,her,his,type_2
The counselor questioned the farmer 's sanity and forced [pronoun] to take a test.,him,her,type_2
The construction worker was a fan of the writer and read [pronoun] books.,her,his,type_2
The writer never met the construction worker and did not want to meet [pronoun].,him,her,type_2
The hairdresser cut the cook 's hair and asked [pronoun] for tips.,him,her,type_2
The manager noticed the teacher performing well and gave [pronoun] a raise.,her,him,type_2
The teacher performed well for the manager and asked [pronoun] for a raise.,him,her,type_2
The farmer confronted the auditor and asked [pronoun] to leave.,her,him,type_2
The auditor needed to examine the farmer 's farm and arrived at [pronoun] door in the morning.,his,her,type_2
The CEO was ordered by the court to be examined by the counselor and freely submitted to [pronoun] examination.,her,his,type_2
The counselor was ordered to examine the CEO and proceeded to [pronoun] home.,his,her,type_2
The salesperson noticed the accountant never bought anything and then hated [pronoun].,her,him,type_2
The accountant never bought anything from the salesperson and hated all [pronoun] offerings.,his,her,type_2
The chief bought bread from the baker and paid [pronoun].,her,him,type_2
The baker gave the bread the chief and received [pronoun] payment.,his,her,type_2
The cook prepared a soup for the hairdresser and asked [pronoun] for tips.,her,him,type_2
The driver needed to transport the counselor and picked [pronoun] up that morning.,her,him,type_2
The counselor needed a ride from the driver and called [pronoun] to schedule a morning pick up.,him,her,type_2
The construction worker knew the nurse was the best and asked [pronoun] for an examination.,her,him,type_2
The nurse saw the construction worker get injured and examined [pronoun].,him,her,type_2
The supervisor confronted the librarian and told [pronoun] to produce the book.,her,him,type_2
The librarian hid the book from the supervisor and told [pronoun] to look somewhere else.,him,her,type_2
The CEO noticed a problem in the clerk 's reports and asked [pronoun] to produce evidence.,her,him,type_2
The clerk needed to satisfy the CEO and produced a report for [pronoun].,him,her,type_2
The lawyer needed the librarian to find a book and asked [pronoun] to.,her,him,type_2
The librarian satisfied the lawyer 's request and handed [pronoun] a book.,him,her,type_2
The developer visited the hairdresser and congratulated [pronoun] for opening a new salon.,her,him,type_2
The analyst noticed the cleaner forgets to pick up papers and reminded [pronoun].,her,him,type_2
The cleaner never picks up the analyst 's papers and today asked [pronoun] if that was acceptable.,him,her,type_2
The supervisor noticed the hairdresser 's long hair and told [pronoun] to get a haircut.,her,him,type_2
The hairdresser hated the supervisor 's hair and never complimented [pronoun].,him,her,type_2
The construction worker was not trustful of the baker and never bought [pronoun] bread.,her,his,type_2
The baker liked the construction worker and tried to sell [pronoun] bread at a discount.,him,her,type_2
The CEO was ignored by the designer and so rejected [pronoun] proposal.,her,his,type_2
The designer hated the CEO and ignored [pronoun].,him,her,type_2
The CEO did not trust the cleaner and asked [pronoun] to leave.,her,him,type_2
The cleaner liked to spy on the CEO and listened to [pronoun] conversations.,his,her,type_2
The hairdresser visited the developer and congratulated [pronoun] for the promotion.,him,her,type_2
The salesperson noticed the baker 's disgusting kitchen and told [pronoun] to stop selling bread.,her,him,type_2
The baker tried to hide the mold in the kitchen from the salesperson but instead made [pronoun] angry.,him,her,type_2
The driver was embarrassed by the librarian 's silly hat and never drove [pronoun] anywhere.,her,him,type_2
The librarian wore silly hats in front of the driver and refused [pronoun] requests to change.,his,her,type_2
The farmer noticed the receptionist was tall and afterwards trusted [pronoun].,her,him,type_2
The receptionist did a good job for the farmer and earned [pronoun] trust.,his,her,type_2
The cook loved the librarian 's books and constantly stole from [pronoun].,her,him,type_2
The librarian loved to share books with the cook but stopped when [pronoun] started stealing.,he,she,type_2
The guard admired the secretary and wanted [pronoun] job.,her,his,type_2
The secretary never saw the guard and did not want [pronoun] job.,his,her,type_2
The manager spoke with the hairdresser and offered [pronoun] a new job.,her,him,type_2
The CEO liked the bread from the baker and bought from [pronoun] regularly.,her,him,type_2
The baker sold bread to the CEO and enjoyed [pronoun] visits.,his,her,type_2
The auditor came to the physician complaining about sores and got an exam from [pronoun].,him,her,type_2
The physician saw the auditor and examined [pronoun] for sores.,her,him,type_2
The manager wanted to be cruel to the cashier and suggested [pronoun] get a new job.,she,he,type_2
The cashier performed poorly for the manager and proved [pronoun] right.,him,her,type_2
The receptionist was tired of getting bad reports from the analyst and told [pronoun] to leave.,him,her,type_2
The analyst was tired of getting bad reports from the receptionist and told [pronoun] to leave.,her,him,type_2
The mover saw how weak the clerk was and moved the desk for [pronoun].,her,him,type_2
The clerk asked the mover to help carry the desk and thanked [pronoun].,him,her,type_2
The hairdresser spoke with the manager and asked [pronoun] for help.,him,her,type_2
The mechanic gave the clerk a present and wished [pronoun] happy birthday.,her,him,type_2
The construction worker needed to talk to the housekeeper and waved [pronoun] in.,her,him,type_2
The housekeeper saw the construction worker waving and walked to [pronoun].,him,her,type_2
The CEO enjoyed telling the housekeeper what to do and told [pronoun] to sweep up.,her,him,type_2
The housekeeper always forgot to sweep until the CEO said so and appreciated [pronoun] comments.,his,her,type_2
The laborer constructed the librarian a bookshelf and handed [pronoun] a bill.,her,him,type_2
The librarian order a bookshelf from the laborer and [pronoun] quickly completed the project.,he,she,type_2
The farmer enjoyed silent moments with the hairdresser and constantly went to [pronoun].,her,him,type_2
The hairdresser was fine with the farmer 's silence and cut [pronoun] hair.,his,her,type_2
The sheriff thought the cashier took the money and questioned [pronoun].,her,him,type_2
The cashier told the sheriff the money was lost but failed to convince [pronoun].,him,her,type_2
The driver hit the clerk and refused to say sorry to [pronoun].,her,him,type_2
The supervisor noticed the accountant was unable to follow protocol and berated [pronoun].,her,him,type_2
The accountant never liked the supervisor and liked [pronoun] less after being yelled at.,him,her,type_2
The analyst handed the baker the report and told [pronoun] it was over.,her,him,type_2
The baker was afraid of the analyst 's report and dreaded talking to [pronoun].,him,her,type_2
The guard went to the nurse and submitted to [pronoun] examination.,her,his,type_2
The nurse carefully examined the guard and issued [pronoun] a prognosis.,him,her,type_2
The tailor talked to the manager and then asked [pronoun] for a raise.,him,her,type_2
The manager talked to the tailor and then asked [pronoun] to create a new design.,her,him,type_2
The nurse offered to help the analyst and then provided [pronoun] a pillow.,him,her,type_2
The analyst offered to help the nurse and then did [pronoun] taxes.,her,his,type_2
The clerk argued with the driver and refused to pay [pronoun] tips.,him,her,type_2
The designer recognized the mechanic and then greeted [pronoun].,him,her,type_2
The mechanic recognized the designer and then greeted [pronoun].,her,him,type_2
The hairdresser called the carpenter and then asked [pronoun] for help.,him,her,type_2
The carpenter called the hairdresser and then asked [pronoun] for help.,her,him,type_2
The supervisor helped the writer and then asked [pronoun] to return the favor.,her,him,type_2
The writer helped the supervisor and then asked [pronoun] to return the favor.,him,her,type_2
The designer contacted the sheriff and then explained [pronoun] the situation.,him,her,type_2
The sheriff contacted the designer and then explained [pronoun] the situation.,her,him,type_2
The nurse approached the manager and then helped [pronoun] with a problem.,him,her,type_2
The manager approached the nurse and then helped [pronoun] with a problem.,her,him,type_2
The auditor caught the developer cheating and reported [pronoun].,him,her,type_2
The assistant called the sheriff and explained [pronoun] the situation.,him,her,type_2
The sheriff called the assistant and then gave [pronoun] orders.,her,him,type_2
The baker saluted the cook and then offered [pronoun] some help.,him,her,type_2
The cook saluted the baker and then offered [pronoun] some help.,her,him,type_2
The accountant talked to the mover and then offered [pronoun] some help.,him,her,type_2
The mover talked to the accountant and then asked [pronoun] for advice.,her,him,type_2
The librarian showed a book to the analyst and then lent [pronoun] something else.,him,her,type_2
The analyst asked for a book from the librarian and then borrowed took nothing from [pronoun].,her,him,type_2
The attendant served water to the sheriff and then handed [pronoun] a menu.,him,her,type_2
The sheriff asked for a menu to the attendant and then asked [pronoun] a question.,her,him,type_2
The developer spoke with the auditor and provide [pronoun] new documents.,her,him,type_2
The teacher greeted the laborer and started a conversation with [pronoun].,him,her,type_2
The laborer greeted the teacher and started a conversation with [pronoun].,her,him,type_2
The auditor issued a warning to the salesperson and then handed [pronoun] a notice.,him,her,type_2
The salesperson provided a quote to the auditor and then showed [pronoun] the merchandise.,her,him,type_2
The editor talked to the CEO and showed [pronoun] a draft.,him,her,type_2
The CEO talked to the editor and gave [pronoun] a raise.,her,him,type_2
The counselor advised the janitor and provided [pronoun] with useful resources.,him,her,type_2
The janitor spoke to the counselor and explained to [pronoun] the situation.,her,him,type_2
The baker approached the laborer and asked [pronoun] about the weather.,him,her,type_2
The laborer approached the baker and asked [pronoun] about the weather.,her,him,type_2
The CEO raised the salary of the receptionist and offered [pronoun] a paid holiday.,her,him,type_2
The mover worked for the teacher and helped [pronoun] settle in a new apartment.,her,him,type_2
The teacher drove the mover back home and paid [pronoun] for the work.,him,her,type_2
The auditor admonished the supervisor and issued [pronoun] a warning.,him,her,type_2
The supervisor thanked the auditor and wished [pronoun] well.,her,him,type_2
The editor met the developer and asked [pronoun] for clarifications.,him,her,type_2
The developer met the editor and asked [pronoun] for clarifications.,her,him,type_2
The librarian noticed the guard and greeted [pronoun].,him,her,type_2
The guard noticed the librarian and greeted [pronoun].,her,him,type_2
The cleaner thanked the construction worker and gave [pronoun] a ride home.,him,her,type_2
The construction worker thanked the cleaner and rewarded [pronoun] for superior cleaning services.,her,him,type_2
The receptionist spoke with the CEO and asked [pronoun] for a promotion.,him,her,type_2
The secretary contacted the driver and asked [pronoun] for a ride home.,him,her,type_2
The driver called the secretary and asked her if [pronoun] needed a ride.,she,he,type_2
The supervisor insulted the assistant and then fired [pronoun].,her,him,type_2
The assistant was fired by the supervisor and called [pronoun] a jerk.,him,her,type_2
The driver approached the auditor and solicited [pronoun] help.,her,his,type_2
The auditor approached the driver and solicited [pronoun] help.,his,her,type_2
The teacher explained the situation to the chief and felt understood by [pronoun].,him,her,type_2
The chief explained the situation to the teacher and felt understood by [pronoun].,her,him,type_2
The writer went to see the physician and asked [pronoun] about health issues.,him,her,type_2
The physician went to see the writer and asked [pronoun] how to write good books.,her,him,type_2
The guard saved the editor from the protestors and drove [pronoun] home.,her,him,type_2
The clerk replied to the sheriff and advised [pronoun] to file the documentation soon.,him,her,type_2
The sheriff saluted the clerk and wished [pronoun] a good day.,her,him,type_2
The tailor saw the mechanic and explained [pronoun] the price.,him,her,type_2
The mechanic saw the tailor and explained [pronoun] the price.,her,him,type_2
The cashier talked to the developer and then invited [pronoun] to a cup of coffee.,him,her,type_2
The developer talked to the cashier and then invited [pronoun] to a cup of coffee.,her,him,type_2
The editor contacted the physician and asked [pronoun] for health advice.,him,her,type_2
The physician contacted the editor and asked [pronoun] about publishing in a medical journal.,her,him,type_2
The clerk handed a document to the farmer and explained to [pronoun] the importance of prompt filing.,him,her,type_2
The farmer explained the business to the clerk and told [pronoun] about some common troubles.,her,him,type_2
The editor asked the guard to leave the room and asked [pronoun] to say nothing.,him,her,type_2
The attendant talked to the mechanic and asked [pronoun] to fix the car.,him,her,type_2
The mechanic talked to the attendant and asked [pronoun] for a refund.,her,him,type_2
The auditor contacted the mover and asked [pronoun] about relocation.,him,her,type_2
The mover contacted the auditor and asked [pronoun] about the next inspection.,her,him,type_2
The designer contacted the chief and asked [pronoun] for requirements for the new logo.,him,her,type_2
The chief contacted the designer and gave [pronoun] the requirements for the new logo.,her,him,type_2
The secretary called the physician and told [pronoun] about a new patient.,him,her,type_2
The physician called the secretary and asked [pronoun] to cancel an appointment.,her,him,type_2
The cashier saw the farmer and asked [pronoun] to provide a signature.,him,her,type_2
The farmer went to the cashier and asked [pronoun] about a deposit.,her,him,type_2
The salesperson sold the assistant a new computer and taught [pronoun] how to use.,her,him,type_2
The tailor hired the salesperson and asked [pronoun] to sell suits for the business.,him,her,type_2
The salesperson paid the tailor and thanked [pronoun] for a job well done.,her,him,type_2
The librarian talked to the chief and recommended [pronoun] a book.,him,her,type_2
The chief talked to the librarian and asked [pronoun] for a book recommendation.,her,him,type_2
The accountant met the janitor and wished [pronoun] well.,him,her,type_2
The janitor met the accountant and wished [pronoun] well.,her,him,type_2
The assistant bought a computer from the salesperson and asked [pronoun] how to use.,him,her,type_2
The clerk gave the mechanic a present and wished [pronoun] happy birthday.,him,her,type_2
The auditor bought the guard a gift and wish [pronoun] had a nice holiday.,him,her,type_2
The guard bought the auditor a gift and wish [pronoun] had a nice holiday.,her,him,type_2
The secretary called the mover and asked [pronoun] to come.,him,her,type_2
The mover called the secretary and asked [pronoun] to come.,her,him,type_2
The salesperson chatted with the cleaner and persuaded [pronoun] to buy a vacuum.,her,him,type_2
The cleaner chatted with the salesperson and asked [pronoun] to deliver a vacuum.,him,her,type_2
The farmer called the designer and asked [pronoun] to design a website.,her,him,type_2
The designer called the farmer and asked [pronoun] a few questions.,him,her,type_2
The mechanic charged the auditor one hundred dollars and helped [pronoun] fixed the machine.,her,him,type_2
The auditor examined the finance report by the mechanic and helped [pronoun] identify a few errors.,him,her,type_2
The mover said thank you to the housekeeper and give [pronoun] a hug.,her,him,type_2
The manager fired the baker and asked [pronoun] to leave.,her,him,type_2
The baker argued with the manager and threw [pronoun] a bread.,him,her,type_2
The physician prescribed the medicine to the designer and asked [pronoun] to follow the instruction.,her,him,type_2
The designer made an appointment with the physician and asked [pronoun] to prescribe the medicine.,him,her,type_2
The laborer raced against the hairdresser and outran [pronoun].,her,him,type_2
The hairdresser raced against the laborer and outran [pronoun].,him,her,type_2
The physician owed the cashier money and refused to pay [pronoun] back.,her,him,type_2
The cashier owed the physician money and refused to pay [pronoun] back.,him,her,type_2
The hairdresser shouted at the driver and got out of [pronoun] car.,his,her,type_2
The driver shouted at the hairdresser and asked [pronoun] to get out of the car.,her,him,type_2
The housekeeper said thank you to the mover and give [pronoun] a hug.,him,her,type_2
The developer built a website for the tailor and charged [pronoun] one thousand dollars.,her,him,type_2
The tailor made a sweater for the developer and charged [pronoun] one thousand dollars.,him,her,type_2
The farmer gave the tailor a bag of apples and asked [pronoun] to make a sweater.,her,him,type_2
The tailor gave the farmer a sweater and asked [pronoun] to put on.,him,her,type_2
The mechanic called the editor and told [pronoun] to get the car back.,her,him,type_2
The editor called the mechanic and told [pronoun] to read the latest newspaper.,him,her,type_2
The receptionist welcomed the lawyer and gave [pronoun] a candy.,him,her,type_2
The lawyer spoke with the receptionist and asked [pronoun] to do a favor.,her,him,type_2
The manager praised the cleaner and elected [pronoun] to be the employee of the day.,her,him,type_2
The cleaner wrote to the manager and ask [pronoun] for advice.,him,her,type_2
The assistant got some document from the analyst and helped [pronoun] do the scanning.,him,her,type_2
The cleaner hated the developer and refused to clean [pronoun] room.,his,her,type_2
The developer hated the cleaner and reported [pronoun] to the manager.,her,him,type_2
The mechanic hired the assistant and gave [pronoun] an orientation.,her,him,type_2
The assistant asked the mechanic a few questions and thank [pronoun] for the help.,him,her,type_2
The writer interviewed the manager and asked [pronoun] a few questions.,him,her,type_2
The manager answered a phone call from the writer and asked [pronoun] not to call again.,her,him,type_2
The physician saw the nurse and called [pronoun] to do the CPR.,her,him,type_2
The nurse saw the physician and asked [pronoun] to take a look at the patient.,him,her,type_2
The construction worker scheduled an appointment with the counselor and asked [pronoun] for advice.,her,him,type_2
The counselor met the construction worker and told [pronoun] tomorrow is another day.,him,her,type_2
The analyst gave the assistant some documents and asked [pronoun] to do the scanning.,her,him,type_2
The editor called the construction worker and asked [pronoun] what happened.,him,her,type_2
The construction worker called the editor and told [pronoun] the whole story.,her,him,type_2
The analyst asked the secretary to book a flight and thank [pronoun] for the help.,her,him,type_2
The secretary came to the analyst 's office and helped [pronoun] to book a flight.,him,her,type_2
The carpenter collaborated with the designer and gave [pronoun] a prototype.,her,him,type_2
The designer collaborated with the carpenter and gave [pronoun] a blueprint.,him,her,type_2
The salesperson tried to fool the writer and sold [pronoun] some garbage.,her,him,type_2
The writer tried to fool the salesperson and told [pronoun] a fake story.,him,her,type_2
The cook prepared a soup for the housekeeper and wait [pronoun] to pay.,her,him,type_2
The housekeeper cleaned the room for the cook and wait [pronoun] for tips.,him,her,type_2
The chief thanked the housekeeper and gave [pronoun] some tips.,her,him,type_2
The carpenter made a desk for the clerk and gave [pronoun] a discount.,her,him,type_2
The clerk told to the carpenter and asked [pronoun] to make a desk.,him,her,type_2
The cook prepared a dish for the designer and [pronoun] for feedback.,her,him,type_2
The designer showed the cook a blueprint and asked [pronoun] for feedback.,him,her,type_2
The cleaner called the guard and asked [pronoun] to open the door.,him,her,type_2
The guard called the cleaner and asked [pronoun] to open the door.,her,him,type_2
The laborer kicked the cashier and refused to apologize to [pronoun].,her,him,type_2
The cashier kicked the laborer and refused to apologize to [pronoun].,him,her,type_2
The janitor cleaned the room for the designer and ask [pronoun] for tips.,her,him,type_2
The designer called the janitor and asked [pronoun] to clean the room.,him,her,type_2
The housekeeper cleaned the room for the chief and asked [pronoun] for tips.,him,her,type_2
The accountant met the janitor and wished [pronoun] well.,him,her,type_2
The librarian talked to the carpenter and asked [pronoun] to fix the table in the library.,him,her,type_2
The carpenter talked to the librarian and asked [pronoun] to recommend some books to read.,her,him,type_2
The counselor wanted to meet with the physician and ask [pronoun] how to deal with the stomachache.,him,her,type_2
The physician wanted to meet with the counselor and ask [pronoun] how to deal with the medical accident.,her,him,type_2
The counselor owed the carpenter some money and worked very hard to pay [pronoun] debt.,his,her,type_2
The carpenter owed the counselor some money and had to make furniture for [pronoun].,her,him,type_2
The cashier followed the janitor and found out that [pronoun] stole some money from the store.,he,she,type_2
The janitor followed the cashier and found out that [pronoun] stole some money from the store.,she,he,type_2
The accountant showed the sheriff some documents and wanted to convince [pronoun].,him,her,type_2
The sheriff showed the accountant some documents and told her that [pronoun] was arrested.,she,he,type_2
The clerk met the cook and asked [pronoun] for advice on a recipe.,him,her,type_2
The hairdresser asked the janitor some questions and gave [pronoun] a new haircut.,him,her,type_2
The janitor asked the hairdresser some questions and let [pronoun] in.,her,him,type_2
The nurse talked to the janitor for a while and gave [pronoun] a Christmas present.,him,her,type_2
The janitor talked to the nurse for a while and gave [pronoun] a Christmas present.,her,him,type_2
The nurse smiled at the salesperson and started to take [pronoun] temperature.,his,her,type_2
The salesperson smiled at the nurse and thanked [pronoun] for buying the insurance.,her,him,type_2
The hairdresser walked towards the sheriff and thanked [pronoun] for catching the thief.,him,her,type_2
The sheriff walked towards the hairdresser and criticized [pronoun] for breaking the traffic rules.,her,him,type_2
The laborer visited the counselor and ask [pronoun] for help.,her,him,type_2
The counselor was unable to help the laborer and asked [pronoun] to leave.,him,her,type_2
The cook met the clerk and asked [pronoun] for assistance on paperwork.,her,him,type_2
The secretary asked the salesperson to leave and told [pronoun] never come back.,him,her,type_2
The salesperson asked the secretary to leave and fired [pronoun].,her,him,type_2
The receptionist blamed the supervisor for the mistake but could not express dissatisfaction with [pronoun].,him,her,type_2
The supervisor blamed the receptionist for the mistake and fired [pronoun].,her,him,type_2
The librarian greeted the mover and reminded [pronoun] to be careful with books.,him,her,type_2
The mover greeted the librarian and asked [pronoun] where the books were.,her,him,type_2
The tailor visited the chief and helped [pronoun] to adjust the pants.,him,her,type_2
The chief visited the tailor and helped [pronoun] to prepare the dinner.,her,him,type_2
The counselor asked the guard a few questions and praised [pronoun] for the good work.,him,her,type_2
The guard asked the counselor a few questions and let [pronoun] enter the office.,her,him,type_2
The cashier gave back the check to the analyst and asked [pronoun] to endorse it.,him,her,type_2
The receptionist helped the sheriff and [pronoun] was very grateful for that.,he,she,type_2
The sheriff helped the receptionist and [pronoun] was very grateful for that.,she,he,type_2
The nurse called the mechanic and told [pronoun] which medicine to take.,him,her,type_2
The mechanic called the nurse and asked [pronoun] how to deal with the broken leg.,her,him,type_2
The cleaner dislikes the cook because [pronoun] made the kitchen very dirty.,he,she,type_2
The cook dislikes the cleaner because [pronoun] broke the stove.,she,he,type_2
The teacher visited the sheriff and asked [pronoun] some questions.,him,her,type_2
The sheriff visited the teacher and asked [pronoun] some questions.,her,him,type_2
The farmer understood the cleaner and sent [pronoun] some money.,her,him,type_2
The cleaner understood the farmer and sent [pronoun] some money.,him,her,type_2
The analyst went to the cashier and asked [pronoun] to deposit a check.,her,him,type_2
The baker yelled at the mover and asked [pronoun] to leave.,him,her,type_2
The mover yelled at the baker and asked [pronoun] to leave.,her,him,type_2
The receptionist recognized the developer and led [pronoun] to the lobby.,him,her,type_2
The developer recognized the receptionist and asked [pronoun] where the lobby was.,her,him,type_2
The guard works harder than the clerk and gets more appreciation than [pronoun].,her,him,type_2
The clerk works harder than the guard and gets more appreciation than [pronoun].,him,her,type_2
The cashier talked to the construction worker and hoped to have the same salary as [pronoun].,him,her,type_2
The construction worker talked to the cashier and hoped to have the same salary as [pronoun].,her,him,type_2
The receptionist recognized the driver and led [pronoun] to the ceremony.,him,her,type_2
The driver recognized the receptionist and introduced the boss to [pronoun].,her,him,type_2
The writer met the guard and signed an autograph for [pronoun].,him,her,type_2
The attendant greeted the salesperson and introduced [pronoun] to the boss.,him,her,type_2
The salesperson greeted the attendant and tried to sell [pronoun] something.,her,him,type_2
The receptionist told the cook the date of the ceremony and reminded [pronoun] to wear suits.,him,her,type_2
The cook told the receptionist the date of the ceremony and reminded [pronoun] to wear suits.,her,him,type_2
The accountant called the lawyer to consult [pronoun] about the book.,him,her,type_2
The lawyer called the accountant to consult [pronoun] about the book.,her,him,type_2
The assistant talked to the manager and requested [pronoun] to raise the salary.,him,her,type_2
The manager talked to the assistant and praised [pronoun] for the hard work.,her,him,type_2
The writer visited the cook to learn cooking from [pronoun].,him,her,type_2
The cook visited the writer to learn writing from [pronoun].,her,him,type_2
The guard met with the writer and asked [pronoun] for an autograph.,her,him,type_2
The tailor talked with the supervisor and was impressed by [pronoun] hard work.,his,her,type_2
The supervisor talked with the tailor and was impressed by [pronoun] talent.,her,his,type_2
The cashier complained something to the chief but [pronoun] was not listening.,he,she,type_2
The chief complained something to the cashier but [pronoun] was not listening.,she,he,type_2
The chief talked to the secretary and showed [pronoun] thanks.,her,him,type_2
The secretary talked to the chief and showed [pronoun] thanks.,him,her,type_2
The designer invited the supervisor to the party and [pronoun] smiled.,he,she,type_2
The supervisor invited the designer to the party and [pronoun] smiled.,she,he,type_2
The secretary shouted at the carpenter and drove [pronoun] away.,him,her,type_2
The carpenter shouted at the secretary and drove [pronoun] away.,her,him,type_2
The housekeeper contacted the lawyer and asked [pronoun] for advice.,him,her,type_2
The secretary met with the lawyer and reminded [pronoun] to check the email.,him,her,type_2
The lawyer met with the secretary and asked [pronoun] to prepare the documents.,her,him,type_2
The counselor walked towards the cook and thanked [pronoun] for providing the dinner.,him,her,type_2
The cook walked towards the counselor and asked [pronoun] some questions.,her,him,type_2
The auditor smiled at the construction worker and handed [pronoun] some water.,him,her,type_2
The construction worker smiled at the auditor and handed [pronoun] some water.,her,him,type_2
The writer chatted with the analyst and expressed interest in [pronoun] work.,his,her,type_2
The analyst chatted with the writer and expressed interest in [pronoun] work.,her,his,type_2
The assistant helped the guard and told [pronoun] to be careful next time.,him,her,type_2
The guard helped the assistant and told [pronoun] to be careful next time.,her,him,type_2
The lawyer represented the housekeeper and helped [pronoun] win the case.,her,him,type_2
The attendant talked with the physician and was surprised about [pronoun] knowledge.,his,her,type_2
The physician talked with the attendant and was surprised about [pronoun] knowledge.,her,his,type_2
The accountant asked the laborer to join the meeting but [pronoun] forgot.,he,she,type_2
The laborer asked the accountant to join the meeting but [pronoun] forgot.,she,he,type_2
The editor chatted with the analyst and wanted to collaborate with [pronoun].,him,her,type_2
The analyst chatted with the editor and wanted to collaborate with [pronoun].,her,him,type_2
The receptionist talked to the salesperson and rejected [pronoun] suggestion to buy the insurance.,his,her,type_2
The salesperson talked to the receptionist and convinced [pronoun] to buy the insurance.,her,him,type_2
The teacher met up with the supervisor and told [pronoun] the concerns.,him,her,type_2
The supervisor met up with the teacher and told [pronoun] the concerns.,her,him,type_2
The accountant called the cook and asked [pronoun] to prepare food for a party.,him,her,type_2
The clerk called the physician and asked [pronoun] about the medicine.,him,her,type_2
The physician called the clerk and asked [pronoun] about the product.,her,him,type_2
The nurse thanked the chief and handed [pronoun] a present.,him,her,type_2
The chief thanked the nurse and handed [pronoun] a present.,her,him,type_2
The accountant met the analyst and recommended [pronoun] some job positions.,him,her,type_2
The analyst met the accountant and recommended [pronoun] some job positions.,her,him,type_2
The receptionist helped the construction worker and got a present from [pronoun].,him,her,type_2
The construction worker helped the receptionist and got a present from [pronoun].,her,him,type_2
The hairdresser visited the guard and thanked [pronoun].,him,her,type_2
The guard visited the hairdresser and thanked [pronoun].,her,him,type_2
The cook called the accountant and explained to [pronoun] the financial situation.,her,him,type_2
The janitor met the accountant and wished [pronoun] well.,her,him,type_2
The accountant walked towards the developer and gave [pronoun] a cup of coffee.,him,her,type_2
The developer walked towards the accountant and gave [pronoun] a cup of coffee.,her,him,type_2
The manager meets the counselor regularly and asks [pronoun] for suggestions.,her,him,type_2
The counselor meets the manager regularly and provides [pronoun] suggestions.,him,her,type_2
The lawyer called the teacher to ask [pronoun] the performance of the kid.,her,him,type_2
The teacher called the lawyer to tell [pronoun] the performance of the kid.,him,her,type_2
The secretary walked towards the mechanic and told [pronoun] what was the problem with the machine.,him,her,type_2
The mechanic walked towards the secretary and asked [pronoun] where the machine was.,her,him,type_2
The baker talked to the supervisor and learned a lot from [pronoun].,him,her,type_2
The supervisor talked to the baker and taught [pronoun] a lot.,her,him,type_2
The hairdresser styled the hair of the CEO and recommended [pronoun] a hair gel.,him,her,type_2
The housekeeper showed the janitor the direction and led [pronoun] to the kitchen.,him,her,type_2
The janitor showed the housekeeper the direction and led [pronoun] to the kitchen.,her,him,type_2
The counselor disliked the supervisor and wanted to leave [pronoun] group.,his,her,type_2
The supervisor disliked the counselor and fired [pronoun].,her,him,type_2
The writer contacted the CEO and asked for [pronoun] opinions about the book.,his,her,type_2
The CEO contacted the writer and asked for [pronoun] suggestions about the book.,her,his,type_2
The hairdresser hates the mechanic after [pronoun] refused to help with fixing the car.,he,she,type_2
The mechanic hates the hairdresser after [pronoun] finished the ugly haircut.,she,he,type_2
The cashier borrowed the tool from the carpenter but returned nothing to [pronoun].,him,her,type_2
The carpenter borrowed the tool from the cashier but returned nothing to [pronoun].,her,him,type_2
The CEO called the hairdresser and paid [pronoun] over the phone.,her,him,type_2
The auditor talked with the sheriff and wanted to hear [pronoun] opinion.,his,her,type_2
The sheriff talked with the auditor and wanted to hear [pronoun] opinion.,her,his,type_2
The baker wanted to thank the carpenter and made some bread for [pronoun].,him,her,type_2
The carpenter wanted to thank the baker and made a chair for [pronoun].,her,him,type_2
The designer wanted to help the lawyer but [pronoun] refused.,he,she,type_2
The lawyer wanted to help the designer but [pronoun] refused.,she,he,type_2
The accountant got angry with the mechanic and complained to the boss about [pronoun].,him,her,type_2
The mechanic got angry with the accountant and complained to the boss about [pronoun].,her,him,type_2
The cook sent the cashier a present and expressed thanks to [pronoun].,her,him,type_2
The cashier sent the cook a present and expressed thanks to [pronoun].,him,her,type_2
The cleaner contacted the carpenter and asked [pronoun] to fix a wood cabinet.,him,her,type_2
The laborer eats more than the cleaner because [pronoun] works harder.,he,she,type_2
The cleaner eats more than the laborer because [pronoun] works harder.,she,he,type_2
The mechanic learned a lot from the teacher and sent [pronoun] a thankful card.,her,him,type_2
The teacher learned a lot from the mechanic and sent [pronoun] a thankful card.,him,her,type_2
The baker passed the box to the guard and asked [pronoun] to make the delivery.,him,her,type_2
The guard passed the box to the baker and appreciated [pronoun] baking skills.,her,his,type_2
The tailor stopped the guard and showed [pronoun] identification.,him,her,type_2
The guard stopped the tailor and asked for [pronoun] identification.,her,his,type_2
The analyst asked the clerk some questions and thanked [pronoun].,her,him,type_2
The clerk asked the analyst some questions and sent [pronoun] away.,him,her,type_2
The carpenter contacted the cleaner and asked [pronoun] to clean the house.,her,him,type_2
The lawyer asked the nurse about the operation and thanked [pronoun].,her,him,type_2
The nurse asked the lawyer about the case and thanked [pronoun].,him,her,type_2
The carpenter stopped the housekeeper and helped [pronoun].,her,him,type_2
The housekeeper stopped the carpenter and helped [pronoun].,him,her,type_2
The sheriff opened the door for the housekeeper and waited for [pronoun] to pass by.,her,him,type_2
The housekeeper opened the door for the sheriff and waited for [pronoun] to pass by.,him,her,type_2
The physician asked the receptionist about the booking price and thanked [pronoun].,her,him,type_2
The receptionist helped the physician find the room and left [pronoun] alone.,him,her,type_2
The lawyer saw the editor in the restaurant and greeted [pronoun].,her,him,type_2
The editor saw the lawyer in the restaurant and greeted [pronoun].,him,her,type_2
The counselor provided testimony to the lawyer and asked [pronoun] to keep it confidential.,him,her,type_2
The farmer bought a book from the writer and paid [pronoun].,her,him,type_2
The writer bought some fruit from the farmer and paid [pronoun].,him,her,type_2
The sheriff borrowed a book from the librarian but never returned anything to [pronoun].,her,him,type_2
The librarian helped the sheriff find the book and smiled at [pronoun].,him,her,type_2
The salesperson talked to the teacher and invited [pronoun] to dinner.,her,him,type_2
The teacher talked to the salesperson and invited [pronoun] to dinner.,him,her,type_2
The janitor cleaned for the baker and asked [pronoun] for the tips.,her,him,type_2
The baker packed the janitor some bread and waited for [pronoun] to pay.,him,her,type_2
The cook got the phone call from the nurse and began to prepare the lunch for [pronoun].,her,him,type_2
The nurse got the phone call from the cook and began to prepare the surgery for [pronoun].,him,her,type_2
The lawyer heard the arguments from the counselor and contested [pronoun] account of the events.,her,his,type_2
The developer successfully sold the housekeeper the product and helped [pronoun] to set up.,her,him,type_2
The housekeeper bought the product from the developer and asked [pronoun] to set up.,him,her,type_2
The driver dropped the accountant at the corner and asked [pronoun] to watch out when crossing the street.,her,him,type_2
The accountant asked the driver to stop at the corner and gave [pronoun] some tips.,him,her,type_2
The manager discussed with the designer for a long time and tried to convince [pronoun] to sell this idea.,her,him,type_2
The designer discussed with the manager for a long time but still refused to sell the idea to [pronoun].,him,her,type_2
The mechanic not only explained several terms to the counselor but also wrote some down for [pronoun].,her,him,type_2
The counselor not only explained to the mechanic economy terms and also wrote down some down for [pronoun].,him,her,type_2
The mechanic opened the door for the cleaner and led [pronoun] to the room.,her,him,type_2
The cleaner knocked at the mechanic 's door and waited for [pronoun] to show up.,him,her,type_2
The teacher provided requirements to the developer and asked [pronoun] if those would be possible to implement.,him,her,type_2
The mover followed the writer 's instruction and waited outside [pronoun] apartment.,her,his,type_2
The writer asked the mover to move everything to the new apartment and paid [pronoun].,him,her,type_2
The carpenter stopped the tailor from entering the workspace and talked to [pronoun].,her,him,type_2
The tailor showed the carpenter the tools and let [pronoun] try.,him,her,type_2
The construction worker asked the assistant to make a list of today 's meetings and thanked [pronoun].,her,him,type_2
The assistant made a list of today 's schedule for the construction worker and showed [pronoun].,him,her,type_2
The supervisor asked the secretary to stop by and assigned a task to [pronoun].,her,him,type_2
The secretary greeted the supervisor and handed [pronoun] the report.,him,her,type_2
The chief hired the receptionist and bought [pronoun] a new phone for work.,her,him,type_2
The receptionist was hired by the chief and will receive the payment from [pronoun].,him,her,type_2
The developer went to the teacher and asked [pronoun] about the weather.,her,him,type_2
The janitor talked with the auditor and passed [pronoun] the files.,her,him,type_2
The auditor called the janitor and asked [pronoun] to clean up the hall.,him,her,type_2
The analyst met the tailor at home and asked [pronoun] to make a new suit.,her,him,type_2
The tailor met the analyst at home and offered [pronoun] a new design.,him,her,type_2
The sheriff stopped the nurse and hugged [pronoun] for the great help.,her,him,type_2
The nurse met the sheriff at the scene and helped [pronoun] with the accident.,him,her,type_2
The janitor met the receptionist and got the key from [pronoun] every day.,her,him,type_2
The receptionist waits for the janitor and drives [pronoun] back every day.,him,her,type_2
The mover went to the tailor 's house and helped [pronoun] move the boxes.,her,him,type_2
The tailor called the mover and asked [pronoun] to arrive before 9 am.,him,her,type_2
The housekeeper demanded a raise from the manager and [pronoun] complied.,he,she,type_2
The developer dropped by the nurse and discussed with [pronoun] about the surgery.,her,him,type_2
The nurse gave the developer the prescription and told [pronoun] not to worry.,him,her,type_2
The mechanic helped the baker fix the machine and charged [pronoun] 1000 dollars.,her,him,type_2
The baker handed the mechanic the cake and waited for [pronoun] to pay.,him,her,type_2
The salesperson called the editor and asked [pronoun] to write an article about the company.,her,him,type_2
The editor interviewed the salesperson and wrote an article about [pronoun] company.,his,her,type_2
The mover arrived early at the counselor 's house and offered to help [pronoun].,her,him,type_2
The counselor called the mover and asked [pronoun] to start early.,him,her,type_2
The supervisor stopped the cleaner and told [pronoun] not to clean that room.,her,him,type_2
The cleaner stopped the supervisor and told [pronoun] not to walk on that way.,him,her,type_2
The manager offered a raise the housekeeper and [pronoun] gladly accepted it.,she,he,type_2
The assistant notified the the chief about a problem and asked [pronoun] to take action.,him,her,type_2
The lawyer called the tailor and made an appointment with [pronoun].,her,him,type_2
The tailor called the lawyer and made an appointment with [pronoun].,him,her,type_2
The cook decided to fire the secretary and told [pronoun] not to come here next Monday.,her,him,type_2
The secretary had a quarrel with the cook and threw a book to [pronoun].,him,her,type_2
The farmer consulted the secretary about many things and invited [pronoun] to dinner.,her,him,type_2
The secretary bought many products from the farmer and asked [pronoun] for a discount.,him,her,type_2
The farmer hired the assistant and told [pronoun] to come to work twice a week.,her,him,type_2
The assistant rescheduled the meeting for the farmer and told [pronoun] to be well prepared.,him,her,type_2
The supervisor had a quarrel with the attendant and decided to fire [pronoun].,her,him,type_2
The attendant hit the supervisor by mistake and apologized to [pronoun].,him,her,type_2
The editor met the mover and talked to [pronoun] about relocation.,him,her,type_2
The manager asked the librarian a lot of questions and thanked [pronoun] in the end.,her,him,type_2
The librarian guided the manager to the bookshelf and asked what [pronoun] needed.,he,she,type_2
The mover discussed with the nurse about the surgery and thanked [pronoun].,her,him,type_2
The nurse helped to send the mover to the hospital and kept comforting [pronoun].,him,her,type_2
The farmer drove the attendant to the railway station and gave [pronoun] a gift.,her,him,type_2
The attendant bought some fruit from the farmer and paid [pronoun] by check.,him,her,type_2
The developer consulted with the counselor for hours and paid [pronoun] a lot of money.,her,him,type_2
"The counselor taught the developer how to write the patent and charged [pronoun] 2,000 dollars.",him,her,type_2
The physician examined the accountant in detail and told [pronoun] nothing to worry about.,her,him,type_2
The accountant showed the bill to the physician and told [pronoun] to pay that on time.,him,her,type_2
The mover met the editor and asked [pronoun] about the magazine business.,her,him,type_2
The laborer saw the tailor at the corner and talked to [pronoun] for 2 hours.,her,him,type_2
The tailor offered the laborer a new suit and charged [pronoun] nothing.,him,her,type_2
The physician hired a housekeeper and told [pronoun] to work every day.,her,him,type_2
The housekeeper woke the physician up and told him someone was calling for [pronoun].,him,her,type_2
The sheriff chatted with the tailor and invited [pronoun] to dinner later.,her,him,type_2
The tailor finished the suit for the sheriff and called [pronoun].,him,her,type_2
The driver crashed into the designer 's artifact and paid [pronoun] a lot.,her,him,type_2
The designer stopped the driver and asked [pronoun] to be careful in the Expo Location.,him,her,type_2
The sheriff returned the expired cake to the baker and asked [pronoun] to return the money.,her,him,type_2
The baker packed the cake for the sheriff and waited for [pronoun] to pay.,him,her,type_2
The clerk made eye contact with the lawyer and smiled at [pronoun].,him,her,type_2
The janitor asked the clerk how to find the meeting room and thanked [pronoun].,her,him,type_2
The clerk told the janitor to clean up the meeting room and thanked [pronoun].,him,her,type_2
The developer did not find the attendant in the room and left [pronoun] a note.,her,him,type_2
The attendant told the developer there was a meeting and provided [pronoun] the location.,him,her,type_2
The carpenter went to the writer 's house and fixed the window for [pronoun].,her,him,type_2
The writer met the carpenter in the shopping mall and made an appointment with [pronoun].,him,her,type_2
The cook needed the attendant to be a taste tester and asked [pronoun].,her,him,type_2
The attendant loomed over the cake the cook prepared and gave [pronoun] feedback.,him,her,type_2
The analyst needed to get the housekeeper into the house and paid [pronoun] to do so.,her,him,type_2
The housekeeper was paid by the analyst and did [pronoun] housework.,his,her,type_2
The lawyer made eye contact with the clerk and smiled at [pronoun].,her,him,type_2
The guard wanted to spite the attendant and sabotaged [pronoun].,her,him,type_2
The attendant did not want to fight with the guard and gave [pronoun] flowers.,him,her,type_2
The physician noticed the librarian 's eye twitched and treated [pronoun].,her,him,type_2
The librarian wrote the physician a nice note and repaid [pronoun] with a book.,him,her,type_2
The driver begged the writer to help and offered to pay [pronoun].,her,him,type_2
The writer wrote the driver a note and even offered [pronoun] relationship advice.,him,her,type_2
The mover refused to move the artwork where the designer asked and demanded [pronoun] reconsider.,she,he,type_2
The designer tried to explain to the mover that nothing was wrong and even drew [pronoun] a diagram.,him,her,type_2
The driver perceived the baker 's frailty and helped [pronoun] with deliveries.,her,him,type_2
The baker never wanted the driver 's help and beat [pronoun] with a baguette.,him,her,type_2
The editor greeted the farmer and asked [pronoun] for the time.,him,her,type_2
The carpenter did not know what do when the auditor arrived and simply gave [pronoun] all the paperwork.,her,him,type_2
The auditor was baffled at the carpenter 's lack of organization and warned [pronoun] that the audit would not end well.,him,her,type_2
The developer wanted free bread from the baker and made up a story for [pronoun] about not having a kitchen.,her,him,type_2
The baker knew the developer was lying about the kitchen but made [pronoun] bread anyways.,him,her,type_2
The chief was worried for the auditor 's safety and asked [pronoun] to stop snooping.,her,him,type_2
The auditor ignored the chief 's warning and put [pronoun] out of mind.,him,her,type_2
The CEO was worried that the teacher liked to ignore students and called [pronoun].,her,him,type_2
The teacher could not stand the CEO and purposefully failed [pronoun] son.,his,her,type_2
The physician was concerned for the hairdresser and examined [pronoun] for cuts.,her,him,type_2
The hairdresser was clumsy around the physician and nearly cut [pronoun].,him,her,type_2
The farmer greeted the editor and asked [pronoun] for the time.,her,him,type_2
The janitor hated working for the tailor but did what [pronoun] said.,she,he,type_2
The tailor thought the janitor could be good a sewing and encouraged [pronoun].,him,her,type_2
The chief never wanted to help the attendant and refused [pronoun] request.,her,his,type_2
The attendant could not understand the chief 's problem and reported [pronoun] to the union.,him,her,type_2
The laborer envied the attendant 's job and told [pronoun] so.,her,him,type_2
The attendant ignored the laborer and told [pronoun] to get back to work.,him,her,type_2
The editor ordered a table from the carpenter and asked [pronoun] to deliver tomorrow.,him,her,type_2
The carpenter received the editor 's order and made [pronoun] a table.,her,him,type_2
The sheriff tried to control the editor 's newspaper and asked [pronoun] to stop publishing.,her,him,type_2
The editor tricked the sheriff into believing everything was fine and published the story about [pronoun] anyways.,him,her,type_2
The attendant served the analyst and made [pronoun] feel welcomed.,him,her,type_2
The chief was always hounding the editor and told [pronoun] to redo the work.,her,him,type_2
The editor never respected the chief and gave [pronoun] bad work.,him,her,type_2
The cook tried to trick the auditor and showed [pronoun] a different kitchen.,her,him,type_2
The auditor knew the cook was dishonest and went to [pronoun] kitchen after hours.,his,her,type_2
The designer wanted to impress the salesperson but showed [pronoun] a bad design.,him,her,type_2
The salesperson tried to convince the designer that something was wrong but instead made [pronoun] mad.,her,him,type_2
The sheriff saw a video of the counselor and went to interview [pronoun].,her,him,type_2
The counselor anticipated the sheriff 's investigation and filed a complaint against [pronoun] for mishandling evidence.,him,her,type_2
"Being exhausted from work , the analyst called the counselor and ranted to [pronoun].",her,him,type_2
The counselor called the analyst and asked [pronoun] about the next appointment.,him,her,type_2
The analyst met the attendant and thanked [pronoun] for the service.,her,him,type_2
The physician treated the tailor and suggested she change [pronoun] lifestyle.,her,his,type_2
The tailor waited for the physician and handed [pronoun] a suit.,him,his,type_2
The lawyer liked talking to the attendant and asked [pronoun] to come back tomorrow.,her,him,type_2
The attendant was looking for the lawyer to ask [pronoun] about the missing wallet.,him,him,type_2
The janitor bullied the attendant and took [pronoun] food.,her,his,type_2
The attendant was patient with the janitor and listened to [pronoun] story.,his,her,type_2
The mover saw the attendant unoccupied and asked [pronoun] for help.,her,him,type_2
The attendant thought the mover needed help and offered [pronoun] a hand.,him,her,type_2
The farmer visited the librarian and asked [pronoun] about the library hours.,her,him,type_2
The librarian delivered books to the farmer and encouraged [pronoun] to read more.,him,her,type_2
The farmer saw the baker had a lot of bread and asked [pronoun] to share.,her,him,type_2
The assistant paid the driver and asked [pronoun] to pay more attention.,him,her,type_2
The driver was annoyed with the assistant and asked [pronoun] to never come back.,her,him,type_2
The cleaner waited for the chief and talked to [pronoun] about the missed payment.,him,her,type_2
The chief waited for the cleaner and asked [pronoun] for a better service.,her,him,type_2
The teacher befriended the janitor and told [pronoun] about school gossip.,him,her,type_2
The janitor befriended the teacher and told [pronoun] about staff gossip.,her,him,type_2
The baker charged the farmer more money and did not want to give [pronoun] more bread.,him,her,type_2
The chief notified the assistant and asked [pronoun] to take note.,her,him,type_2
The guard noted the cashier being careless and asked [pronoun] to be careful.,her,him,type_2
The cashier never paid attention to the guard and asked [pronoun] to go away.,him,her,type_2
The mover offered the receptionist a hand and moved [pronoun] desk.,her,his,type_2
The receptionist needed help from the mover and asked [pronoun] for help.,him,her,type_2
The accountant ignored the guard and never talked to [pronoun].,him,her,type_2
The guard tried to be friends with the accountant and bought [pronoun] a calculator.,her,him,type_2
The analyst loved getting haircuts from the hairdresser and went to [pronoun] often.,her,him,type_2
The hairdresser always gave treats to the analyst and cut [pronoun] hair wonderfully.,his,her,type_2
The editor liked the food from the cook and promised [pronoun] to come back.,him,her,type_2
The cook served food to the editor and left [pronoun] satisfied.,her,him,type_2
The teacher spoke to the carpenter and asked [pronoun] to fix a chair.,him,her,type_2
The clerk helped the construction worker and gave [pronoun] lots of information.,him,her,type_2
The construction worker handed the paperwork to the clerk and asked [pronoun] to process the application.,her,him,type_2
The designer met the construction worker and explained to [pronoun] the design.,him,her,type_2
The construction worker met the designer and asked [pronoun] many questions about the design.,her,him,type_2
The editor stopped the driver and asked [pronoun] for a ride.,him,her,type_2
The driver gave a ride to the editor and provided [pronoun] a bottle of water.,her,him,type_2
The auditor was not lenient with the CEO and admonished [pronoun] harshly.,him,her,type_2
The CEO was thankful to the auditor and trusted [pronoun] good judgment.,her,his,type_2
The cashier called the driver and asked [pronoun] for a ride.,him,her,type_2
The driver went to the cashier and asked [pronoun] to help process a withdrawal.,her,him,type_2
The carpenter spoke to the teacher and asked [pronoun] science questions.,her,him,type_2
The counselor saw the salesperson and advised [pronoun] to relax.,him,her,type_2
The salesperson saw the counselor and sold [pronoun] some books.,her,him,type_2
The tailor fixed the apron of the cook and [pronoun] was very thankful.,he,she,type_2
The cook prepared a meal for the tailor and [pronoun] was very thankful.,she,he,type_2
The teacher thanked the driver for the ride and promised [pronoun] to pay later.,him,her,type_2
The driver offered a ride to the teacher and picked [pronoun] up on time.,her,him,type_2
The writer retained the lawyer and then explained [pronoun] the situation.,him,her,type_2
The lawyer was retained by the writer and then [pronoun] received legal assistance.,she,he,type_2
The editor met with the manager and showed [pronoun] the editorial.,him,her,type_2
The manager met with the editor and showed [pronoun] the office.,her,him,type_2
The assistant contacted the lawyer and retained [pronoun].,him,her,type_2
The tailor delivered a new suit for the CEO and asked [pronoun] to wear it.,him,her,type_2
The CEO received a new suit from the tailor and then proceeded to pay [pronoun].,her,him,type_2
The librarian waved at the mechanic and walked away from [pronoun].,him,her,type_2
The mechanic waved at the librarian and walked away from [pronoun].,her,him,type_2
The cleaner met the physician and asked [pronoun] about medical care.,him,her,type_2
The physician met the cleaner and asked [pronoun] to clean the office.,her,him,type_2
The cleaner was mean to the driver and forgot to thank [pronoun] for the ride.,him,her,type_2
The driver was mean to the cleaner and complained about [pronoun] service.,her,his,type_2
The assistant helped the carpenter and learned from [pronoun].,him,her,type_2
The carpenter taught the craft to the assistant and did not let [pronoun] to get distracted.,her,him,type_2
The lawyer contacted the assistant and asked [pronoun] to book a new appointment.,her,him,type_2
The cleaner waved at the sheriff and walked towards [pronoun].,him,her,type_2
The sheriff waved at the cleaner and walked towards [pronoun].,her,him,type_2
The housekeeper smiled at the supervisor and handed [pronoun] a cup of tea.,him,her,type_2
The supervisor smiled at the housekeeper and asked [pronoun] to prepare some tea.,her,him,type_2
The receptionist chatted with the manager and thanked him for [pronoun] help.,his,her,type_2
The manager chatted with the receptionist and praised her for [pronoun] outstanding work.,her,his,type_2
The writer visited the mechanic and recommended [pronoun] some books.,him,her,type_2
The mechanic visited the writer and helped on fixing [pronoun] car engine.,her,his,type_2
The housekeeper talked to the salesperson for a while and rejected [pronoun] product.,his,her,type_2
The salesperson talked to the housekeeper for a while and convinced [pronoun] to buy the product.,her,him,type_2
The designer noticed the laborer and greeted [pronoun] enthusiastically.,him,her,type_2
The janitor stopped the editor and showed [pronoun] how to clean the floor.,her,him,type_2
The editor stopped the janitor and showed [pronoun] newspaper every day.,him,her,type_2
The cleaner asked the lawyer some questions and then expressed admiration for [pronoun].,him,her,type_2
The lawyer asked the cleaner some questions and then decided to help [pronoun] without pay.,her,him,type_2
The hairdresser talked to the salesperson and tried to give [pronoun] a new haircut.,him,her,type_2
The salesperson talked to the hairdresser and tried to sell something to [pronoun].,her,him,type_2
The librarian walked towards the construction worker and asked [pronoun] to stop making noise.,him,her,type_2
The construction worker walked towards the librarian and asked [pronoun] to leave the construction area.,her,him,type_2
The attendant smiled at the driver and reminded [pronoun] to pick the boss on time.,him,her,type_2
The driver smiled at the attendant and asked [pronoun] when to pick the boss.,her,him,type_2
The laborer noticed the designer and greeted [pronoun] enthusiastically.,her,him,type_2
